id,duration,dispoStatus,billable,state,words
1,328.608,XFER,1,FL,1100
2,314.136,XFER,1,FL,952
3,480.456,XFER,1,GA,1576
4,360.288,XFER,1,GA,1273
5,46.44,XFER,0,FL,32
6,199.728,XFER,1,GA,621
7,27.648,XFER,0,GA,64
8,199.584,XFER,1,DE,566
9,209.952,XFER,0,FL,671
10,393.696,XFER,1,DC,1303
11,311.184,XFER,1,FL,1056
12,288.648,XFER,0,OH,1007
13,209.664,XFER,1,VA,603
14,292.392,XFER,1,SC,761
15,354.384,XFER,1,NC,1003
16,259.488,XFER,1,MI,854
17,135.216,XFER,1,NC,390
18,169.272,XFER,1,FL,474
19,141.12,XFER,1,NJ,498
20,315.792,XFER,1,KS,837
21,217.152,XFER,1,ME,702
22,168.768,XFER,1,ME,473
23,243.144,XFER,1,KS,797
24,383.328,XFER,0,OH,1160
25,313.92,XFER,1,GA,898
26,264.672,XFER,1,FL,878
27,217.296,XFER,1,MO,691
28,282.6,XFER,1,SC,854
29,324.432,XFER,1,IL,1052
30,435.024,XFER,1,SC,1375
31,200.376,XFER,1,AL,468
32,194.472,XFER,0,AL,633
33,453.888,XFER,1,MI,1415
34,257.688,XFER,1,TX,753
35,207.072,XFER,1,LA,671
36,385.848,XFER,0,MO,1028
37,121.392,XFER,0,IL,345
38,239.328,XFER,1,KY,766
39,160.272,XFER,1,TX,515
40,321.408,XFER,1,NY,913
41,227.232,XFER,1,NY,521
42,273.384,XFER,1,PA,812
43,332.496,XFER,1,SC,1072
44,328.176,XFER,0,TX,1036
45,216.792,XFER,1,FL,478
46,272.376,XFER,1,MI,864
47,261.36,XFER,1,TX,790
48,247.104,XFER,0,WI,620
49,377.064,XFER,0,KY,1255
50,197.64,XFER,1,AR,485
51,266.112,XFER,1,WI,808
52,51.552,XFER,1,AR,142
53,227.376,XFER,0,IN,707
54,20.232,XFER,0,FL,27
55,317.304,XFER,1,AR,1002
56,28.296,XFER,0,FL,50
57,442.944,XFER,1,LA,1327
58,203.76,XFER,1,SC,613
59,385.992,XFER,1,MI,1327
60,239.04,XFER,1,NC,700
61,296.136,XFER,1,AZ,976
62,225.504,XFER,1,IL,722
63,456.192,XFER,1,TX,1283
64,372.24,XFER,1,VA,813
65,247.248,XFER,0,NY,658
66,168.264,XFER,1,MI,533
67,347.328,XFER,1,FL,995
68,144.936,XFER,0,NE,427
69,258.336,XFER,1,IN,879
70,344.376,XFER,1,SC,1104
71,196.416,XFER,0,TX,597
72,161.712,XFER,1,VA,413
73,379.224,XFER,0,AZ,1070
74,204.408,XFER,1,NY,571
75,369,XFER,1,NM,1105
76,243.144,XFER,0,GA,868
77,484.56,XFER,1,NY,1663
78,272.448,XFER,0,FL,948
79,296.784,XFER,1,CO,707
80,194.76,XFER,1,AZ,556
81,93.384,XFER,1,NY,354
82,196.632,XFER,1,TX,455
83,482.328,XFER,1,NY,1577
84,382.968,XFER,1,TX,1067
85,149.544,XFER,1,SC,521
86,93.744,XFER,0,MA,289
87,240.192,XFER,1,NC,779
88,103.968,XFER,1,MI,321
89,364.176,XFER,1,NC,897
90,278.136,XFER,1,NY,860
91,208.152,XFER,1,PA,593
92,297.216,XFER,0,TX,868
93,306.144,XFER,1,NC,1044
94,293.04,XFER,0,MA,879
95,180.576,XFER,1,WV,479
96,187.776,XFER,1,PA,595
97,149.112,XFER,1,TX,539
98,108.288,XFER,1,PA,360
99,354.744,XFER,0,MI,1177
100,179.928,XFER,1,IL,425
101,174.384,XFER,0,TX,517
102,291.096,XFER,1,NY,860
103,204.768,XFER,1,MO,486
104,279.36,XFER,1,IL,809
105,215.784,XFER,1,KS,624
106,228.744,XFER,1,OK,683
107,463.248,XFER,0,TX,1292
108,277.272,XFER,1,TX,718
109,47.304,XFER,1,TX,49
110,236.88,XFER,1,TN,731
111,234.72,XFER,1,TX,812
112,164.304,XFER,1,CT,461
113,366.12,XFER,1,WV,1065
114,242.784,XFER,0,NC,826
115,96.84,XFER,0,FL,271
116,371.376,XFER,1,MI,1081
117,536.616,XFER,0,TX,1163
118,155.304,XFER,0,TX,415
119,76.176,XFER,0,OH,238
120,29.952,XFER,0,TX,70
121,227.376,XFER,1,WI,681
122,232.2,XFER,1,SC,792
123,124.848,XFER,0,TN,357
124,108.144,XFER,0,WA,381
125,302.328,XFER,0,MO,735
126,168.048,XFER,0,OH,391
127,286.848,XFER,1,MI,1039
128,165.6,XFER,1,TN,425
129,320.4,XFER,1,NM,1078
130,24.768,XFER,1,PA,26
131,208.08,XFER,1,AR,626
132,173.664,XFER,1,CO,526
133,469.656,XFER,1,AR,1496
134,233.928,XFER,1,TX,697
135,251.784,XFER,1,IN,745
136,304.704,XFER,1,FL,849
137,294.264,XFER,1,TN,673
138,193.176,XFER,1,MI,556
139,305.208,XFER,1,OH,984
140,196.56,XFER,1,CA,468
141,328.968,XFER,0,CO,1042
142,334.944,XFER,1,WA,1113
143,202.32,XFER,1,WA,627
144,351.504,XFER,1,TX,1033
145,214.272,XFER,0,WI,640
146,92.376,XFER,0,OK,265
147,508.68,XFER,0,TX,1268
148,392.4,XFER,1,NY,1161
149,158.04,XFER,1,AL,511
150,189.864,XFER,1,NJ,504
151,192.024,XFER,1,AZ,647
152,244.152,XFER,1,SC,721
153,141.912,XFER,1,TX,444
154,280.584,XFER,1,WA,681
155,312.912,XFER,1,FL,879
156,248.76,XFER,1,CT,730
157,89.64,XFER,1,AR,294
158,129.6,XFER,1,OH,361
159,185.472,XFER,1,WA,459
160,232.344,XFER,0,MI,755
161,429.984,XFER,1,GA,1238
162,158.112,XFER,1,MA,438
163,270.36,XFER,1,TX,864
164,121.536,XFER,1,FL,388
165,162.072,XFER,1,SC,478
166,187.848,XFER,1,NY,477
167,211.032,XFER,1,MI,583
168,159.408,XFER,1,FL,497
169,208.8,XFER,1,TX,512
170,457.488,XFER,1,VA,1312
171,128.088,XFER,1,ID,409
172,141.12,XFER,1,GA,442
173,312.624,XFER,1,CO,953
174,159.048,XFER,1,VA,556
175,268.704,XFER,1,TX,787
176,333.288,XFER,1,OK,1169
177,184.248,XFER,1,PA,599
178,257.904,XFER,1,FL,734
179,187.632,XFER,1,TX,409
180,318.384,XFER,0,VA,944
181,213.84,XFER,1,NC,625
182,358.272,XFER,1,NY,1126
183,83.16,XFER,1,VA,272
184,364.68,XFER,1,FL,885
185,179.496,XFER,1,MO,422
186,293.4,XFER,0,WI,1028
187,142.272,XFER,1,FL,477
188,220.68,XFER,1,TN,635
189,102.888,XFER,1,WI,285
190,462.024,XFER,1,MI,1432
191,168.048,XFER,1,DE,557
192,208.944,XFER,1,FL,513
193,33.408,XFER,0,NJ,71
194,236.736,XFER,1,GA,719
195,284.616,XFER,1,TX,925
196,42.624,XFER,1,NY,52
197,150.264,XFER,1,TN,521
198,188.352,XFER,0,IL,513
199,411.048,XFER,0,TX,1285
200,354.096,XFER,1,OH,1118
201,341.64,XFER,1,AL,1039
202,224.928,XFER,0,OK,766
203,166.536,XFER,1,CA,397
204,218.016,XFER,1,OR,605
205,162.144,XFER,1,IN,423
206,178.56,XFER,0,IL,582
207,252,XFER,1,TX,821
208,53.208,XFER,1,CO,98
209,36,XFER,0,MI,26
210,298.728,XFER,1,OH,1096
211,376.488,XFER,1,SC,1133
212,308.232,XFER,1,NJ,761
213,190.944,XFER,0,MI,616
214,243.288,XFER,1,FL,826
215,372.312,XFER,1,NJ,1196
216,180.36,XFER,1,VA,613
217,75.888,XFER,1,FL,96
218,306.432,XFER,1,TN,864
219,173.952,XFER,1,AR,456
220,311.76,XFER,1,PA,857
221,213.336,XFER,1,MS,564
222,237.888,XFER,1,NY,796
223,333.072,XFER,1,TX,966
224,351.216,XFER,1,TN,1056
225,246.456,XFER,1,CO,801
226,128.016,XFER,1,TN,376
227,177.624,XFER,1,GA,527
228,369.648,XFER,1,MA,1285
229,127.08,XFER,1,LA,361
230,388.872,XFER,1,SC,1102
231,209.448,XFER,1,NY,701
232,234.072,XFER,0,DC,688
233,364.608,XFER,1,KS,966
234,211.896,XFER,1,AL,663
235,426.744,XFER,1,AL,1296
236,259.272,XFER,1,MO,769
237,307.368,XFER,1,TN,886
238,222.12,XFER,1,IL,650
239,431.136,XFER,0,CA,1406
240,137.088,XFER,0,MO,424
241,261.936,XFER,1,PA,782
242,293.688,XFER,0,SC,815
243,287.208,XFER,1,NY,903
244,31.248,XFER,0,NY,81
245,189.648,XFER,1,CA,620
246,140.472,XFER,1,GA,462
247,262.8,XFER,1,VA,802
248,378.792,XFER,1,NC,1139
249,239.616,XFER,1,MA,654
250,224.64,XFER,1,AL,816
251,155.52,XFER,1,NM,470
252,33.84,XFER,1,TX,77
253,167.328,XFER,0,MI,445
254,154.656,XFER,1,AZ,521
255,306.576,XFER,1,IN,995
256,309.312,XFER,1,MN,812
257,198.648,XFER,0,FL,552
258,209.16,XFER,0,GA,507
259,322.632,XFER,0,LA,872
260,126,XFER,1,TN,433
261,238.752,XFER,1,NH,714
262,335.736,XFER,1,TX,957
263,361.008,XFER,1,LA,1116
264,242.424,XFER,1,MA,714
265,191.304,XFER,1,CA,533
266,246.312,XFER,0,FL,571
267,310.752,XFER,0,MO,955
268,209.736,XFER,1,AZ,656
269,212.472,XFER,1,NV,698
270,352.44,XFER,1,KY,1047
271,221.832,XFER,0,FL,758
272,104.616,XFER,1,NY,335
273,119.088,XFER,1,OK,395
274,360.72,XFER,1,FL,1059
275,403.344,XFER,1,WI,1025
276,244.656,XFER,1,CO,673
277,135.36,XFER,1,SC,395
278,76.752,XFER,1,GA,287
279,132.12,XFER,1,NY,326
280,193.104,XFER,1,TX,667
281,34.056,XFER,0,TX,51
282,290.736,XFER,1,CT,718
283,264.024,XFER,1,MI,859
284,243.648,XFER,1,MO,756
285,236.88,XFER,1,IN,524
286,252.792,XFER,1,OK,853
287,72.216,XFER,0,NY,124
288,216.864,XFER,0,WA,650
289,254.304,XFER,1,NV,754
290,37.368,XFER,1,FL,94
291,359.136,XFER,1,GA,1036
292,20.664,XFER,1,TX,22
293,378.36,XFER,1,AL,1321
294,328.68,XFER,0,GA,951
295,247.392,XFER,1,OK,801
296,185.472,XFER,1,MA,617
297,465.696,XFER,1,CO,1113
298,397.8,XFER,0,RI,1150
299,102.744,XFER,1,IL,302
300,187.92,XFER,1,FL,510
301,146.592,XFER,1,SC,358
302,277.488,XFER,1,TX,827
303,117.864,XFER,1,MI,348
304,250.632,XFER,1,OH,695
305,180.216,XFER,1,NY,680
306,104.688,XFER,1,VA,340
307,343.152,XFER,1,MI,768
308,123.048,XFER,1,FL,374
309,478.44,XFER,1,TX,1523
310,272.088,XFER,1,OR,741
311,279.936,XFER,1,PA,872
312,338.544,XFER,1,AL,773
313,369.288,XFER,1,IA,1009
314,275.832,XFER,0,NC,887
315,344.88,XFER,0,AZ,936
316,266.184,XFER,1,TN,830
317,116.64,XFER,1,NY,120
318,303.12,XFER,1,NJ,1039
319,389.736,XFER,1,NJ,1081
320,185.832,XFER,0,LA,539
321,328.392,XFER,1,GA,951
322,595.008,XFER,1,TX,1915
323,358.344,XFER,1,IL,808
324,161.856,XFER,0,MA,470
325,57.96,XFER,0,AZ,121
326,260.352,XFER,1,MI,723
327,23.688,XFER,1,HI,21
328,87.12,XFER,1,CT,267
329,340.92,XFER,1,OH,1065
330,186.336,XFER,0,MI,474
331,142.56,XFER,1,NY,437
332,185.904,XFER,0,TN,527
333,423.072,XFER,1,NY,986
334,223.92,XFER,1,FL,702
335,327.168,XFER,1,VA,1088
336,228.888,XFER,1,MA,627
337,198.648,XFER,1,FL,606
338,574.056,XFER,1,NC,1600
339,325.944,XFER,1,CT,805
340,251.568,XFER,1,CA,802
341,254.808,XFER,0,FL,748
342,239.976,XFER,1,KY,772
343,300.384,XFER,1,NY,836
344,175.032,XFER,0,MA,414
345,359.64,XFER,1,GA,943
346,150.336,XFER,1,LA,445
347,107.136,XFER,1,HI,355
348,418.752,XFER,0,CA,1183
349,160.632,XFER,1,TX,425
350,239.256,XFER,1,MI,707
351,332.856,XFER,1,SC,805
352,118.008,XFER,1,TX,392
353,175.104,XFER,1,CA,460
354,294.408,XFER,0,MN,888
355,309.744,XFER,1,SC,899
356,349.344,XFER,1,OK,1042
357,164.592,XFER,1,OK,488
358,140.832,XFER,1,KY,442
359,322.2,XFER,1,LA,1056
360,309.96,XFER,1,LA,804
361,193.032,XFER,1,NY,505
362,214.488,XFER,1,KY,470
363,126.648,XFER,1,NH,428
364,475.632,XFER,1,TX,1348
365,489.384,XFER,0,GA,1513
366,305.064,XFER,1,PA,949
367,142.272,XFER,0,HI,478
368,252.144,XFER,1,VA,550
369,293.256,XFER,1,MA,707
370,126.144,XFER,1,OH,394
371,254.088,XFER,1,FL,772
372,265.824,XFER,1,HI,739
373,256.176,XFER,1,AR,777
374,320.112,XFER,1,WA,1136
375,27.36,XFER,0,LA,34
376,214.92,XFER,1,HI,610
377,183.456,XFER,1,MS,582
378,27.504,XFER,0,WI,45
379,166.176,XFER,0,TN,472
380,432,XFER,1,UT,1333
381,248.544,XFER,0,NY,766
382,253.872,XFER,1,AL,819
383,225.144,XFER,1,TN,780
384,325.872,XFER,0,NJ,994
385,221.184,XFER,0,NV,529
386,111.672,XFER,1,AL,329
387,172.584,XFER,1,NJ,433
388,235.152,XFER,1,IL,650
389,128.736,XFER,1,TX,373
390,407.736,XFER,1,CO,1257
391,393.336,XFER,1,MS,1086
392,139.896,XFER,1,NV,385
393,454.392,XFER,1,DE,1425
394,156.6,XFER,1,NY,459
395,285.84,XFER,1,AL,777
396,121.176,XFER,1,WA,217
397,30.6,XFER,0,WI,73
398,276.768,XFER,0,KY,759
399,302.04,XFER,1,MO,742
400,229.968,XFER,1,AZ,612
401,380.232,XFER,1,AR,962
402,157.104,XFER,1,NC,384
403,306,XFER,0,NY,710
404,204.12,XFER,1,OH,536
405,242.136,XFER,1,OH,889
406,176.76,XFER,1,MS,497
407,183.6,XFER,1,IL,571
408,412.128,XFER,0,NY,1397
409,206.208,XFER,0,GA,780
410,131.616,XFER,1,NJ,379
411,270.648,XFER,1,AZ,783
412,441.936,XFER,1,TN,1182
413,122.76,XFER,1,AR,337
414,269.208,XFER,1,TX,761
415,296.496,XFER,1,MI,1061
416,144.504,XFER,1,VA,435
417,324.288,XFER,1,FL,863
418,94.824,XFER,0,NM,339
419,129.6,XFER,0,AL,353
420,359.352,XFER,0,AL,1256
421,256.032,XFER,1,PA,826
422,213.408,XFER,1,AZ,632
423,197.784,XFER,1,AL,540
424,153.576,XFER,1,CT,434
425,289.224,XFER,1,AZ,849
426,184.824,XFER,1,WI,453
427,102.384,XFER,1,CA,121
428,302.688,XFER,1,NY,978
429,188.928,XFER,0,LA,574
430,374.976,XFER,1,IL,1202
431,208.872,XFER,0,MO,725
432,137.232,XFER,0,HI,351
433,163.224,XFER,0,NC,396
434,224.784,XFER,1,NE,481
435,150.264,XFER,1,NJ,378
436,459.576,XFER,1,PA,1415
437,246.888,XFER,0,WV,732
438,15.84,XFER,0,CA,42
439,252.648,XFER,1,CT,661
440,137.592,XFER,1,UT,409
441,219.24,XFER,0,NY,737
442,124.92,XFER,0,MS,330
443,225.936,XFER,1,NY,685
444,333.864,XFER,1,KY,1002
445,368.712,XFER,1,WI,887
446,282.024,XFER,1,WA,889
447,27.288,XFER,1,FL,46
448,233.64,XFER,1,IL,641
449,140.04,XFER,1,LA,372
450,148.968,XFER,1,FL,191
451,50.472,XFER,1,IN,125
452,259.272,XFER,1,WI,945
453,341.712,XFER,1,CA,970
454,157.248,XFER,1,WI,491
455,207.216,XFER,1,IN,633
456,83.304,XFER,0,PA,265
457,141.264,XFER,0,NJ,181
458,187.344,XFER,0,RI,523
459,265.248,XFER,0,PA,904
460,102.24,XFER,1,ID,260
461,90.792,XFER,1,PA,249
462,116.424,XFER,1,AR,310
463,208.872,XFER,0,IL,594
464,144.72,XFER,1,WI,373
465,363.096,XFER,0,TX,1203
466,414.144,XFER,1,AR,1024
467,242.64,XFER,1,WI,880
468,319.608,XFER,1,NE,906
469,236.808,XFER,1,WA,568
470,227.088,XFER,0,TX,484
471,473.832,XFER,1,TX,1215
472,512.496,XFER,0,IL,1309
473,122.832,XFER,0,GA,335
474,232.848,XFER,1,GA,631
475,47.592,XFER,1,GA,112
476,263.16,XFER,0,NE,803
477,366.984,XFER,0,AR,1159
478,255.528,XFER,1,NY,551
479,232.128,XFER,1,FL,662
480,117.216,XFER,1,TX,355
481,124.704,XFER,0,NC,352
482,232.704,XFER,1,AZ,773
483,258.768,XFER,0,OK,761
484,148.032,XFER,0,NY,428
485,234.936,XFER,1,KS,701
486,133.488,XFER,0,PA,406
487,17.712,XFER,0,NY,19
488,176.904,XFER,0,WA,514
489,226.224,XFER,1,GA,528
490,354.96,XFER,1,FL,1068
491,156.816,XFER,0,MS,394
492,123.48,XFER,1,NY,348
493,117.864,XFER,1,NJ,419
494,70.56,XFER,1,KS,264
495,160.128,XFER,1,WA,418
496,215.064,XFER,1,TX,590
497,220.392,XFER,1,NC,512
498,419.832,XFER,1,MO,1208
499,444.744,XFER,1,DE,1151
500,194.76,XFER,1,PA,519
501,107.496,XFER,1,NY,375
502,80.352,XFER,1,LA,230
503,285.912,XFER,1,OH,772
504,389.448,XFER,1,WA,1010
505,159.408,XFER,1,OH,440
506,286.992,XFER,1,NY,872
507,167.4,XFER,1,GA,443
508,118.224,XFER,1,CA,407
509,225.072,XFER,0,IL,842
510,286.272,XFER,0,TX,792
511,123.048,XFER,1,TN,451
512,96.264,XFER,1,IL,266
513,437.184,XFER,1,CO,1020
514,393.264,XFER,1,CA,1066
515,157.608,XFER,0,IL,547
516,593.424,XFER,1,TX,1855
517,144.936,XFER,1,WA,485
518,328.176,XFER,1,LA,1276
519,248.184,XFER,1,GA,781
520,160.848,XFER,1,NE,567
521,71.928,XFER,1,ME,213
522,121.752,XFER,1,SC,447
523,134.352,XFER,1,WI,514
524,289.008,XFER,1,WA,769
525,80.784,XFER,1,IL,242
526,350.712,XFER,1,TX,863
527,254.664,XFER,1,NE,781
528,308.448,XFER,1,TX,759
529,127.152,XFER,1,TX,329
530,94.392,XFER,1,KS,276
531,93.096,XFER,1,CA,290
532,174.24,XFER,1,FL,483
533,337.752,XFER,1,FL,1074
534,64.44,XFER,0,FL,96
535,269.496,XFER,1,FL,856
536,267.408,XFER,1,FL,879
537,40.464,XFER,1,GA,102
538,275.256,XFER,1,IN,921
539,366.552,XFER,1,FL,703
540,277.056,XFER,1,DE,820
541,298.44,XFER,0,GA,1040
542,369.144,XFER,0,FL,1156
543,557.784,XFER,1,FL,1824
544,200.232,XFER,0,GA,630
545,452.808,XFER,0,FL,1281
546,271.872,XFER,1,PA,864
547,281.448,XFER,1,AL,858
548,36.144,XFER,0,FL,45
549,215.784,XFER,1,OH,715
550,386.784,XFER,0,NC,1193
551,283.464,XFER,1,NY,873
552,366.84,XFER,1,MS,783
553,437.544,XFER,1,FL,1104
554,214.344,XFER,1,NJ,599
555,254.232,XFER,1,MO,726
556,356.256,XFER,1,MS,855
557,418.392,XFER,1,MI,1336
558,236.808,XFER,1,SC,774
559,22.752,XFER,0,FL,40
560,276.048,XFER,1,SC,802
561,198.216,XFER,0,FL,459
562,417.744,XFER,1,NY,901
563,407.808,XFER,1,NY,1133
564,178.056,XFER,1,GA,492
565,357.336,XFER,1,FL,1053
566,206.424,XFER,1,NJ,691
567,106.776,XFER,0,PA,270
568,170.28,XFER,0,AL,426
569,402.336,XFER,1,VA,1230
570,280.08,XFER,1,NY,876
571,239.76,XFER,0,OH,662
572,274.824,XFER,1,FL,752
573,286.056,XFER,1,NC,766
574,212.256,XFER,1,FL,637
575,231.768,XFER,1,NY,701
576,279.432,XFER,1,FL,806
577,486.792,XFER,0,VA,1815
578,157.176,XFER,1,NC,407
579,274.752,XFER,1,PA,789
580,19.872,XFER,0,NY,33
581,168.552,XFER,1,NY,593
582,209.952,XFER,1,DE,618
583,81.936,XFER,1,NY,316
584,244.872,XFER,0,FL,742
585,243,XFER,0,MO,720
586,38.232,XFER,1,FL,58
587,369.144,XFER,1,PA,819
588,263.592,XFER,1,MA,823
589,311.112,XFER,1,SC,921
590,204.912,XFER,0,AL,454
591,245.16,XFER,1,MA,667
592,586.512,XFER,1,SC,1831
593,367.128,XFER,1,TN,1108
594,73.152,XFER,0,NY,62
595,112.752,XFER,1,MI,276
596,93.312,XFER,1,TX,325
597,375.48,XFER,1,PA,1061
598,204.84,XFER,1,NY,534
599,173.232,XFER,1,LA,534
600,237.24,XFER,1,MA,632
601,219.312,XFER,1,GA,583
602,318.384,XFER,1,MA,919
603,8.352,XFER,0,OH,4
604,146.736,XFER,1,FL,437
605,176.112,XFER,1,MI,618
606,284.76,XFER,1,TN,842
607,154.152,XFER,1,TX,540
608,252.864,XFER,1,LA,801
609,255.96,XFER,1,PA,904
610,140.256,XFER,0,TX,418
611,121.248,XFER,1,IN,375
612,377.928,XFER,1,LA,1035
613,120.672,XFER,1,MO,334
614,312.984,XFER,0,SC,974
615,253.8,XFER,1,WV,729
616,379.224,XFER,1,MI,1235
617,261.432,XFER,1,SC,320
618,213.12,XFER,1,WI,555
619,230.184,XFER,1,VA,588
620,51.624,XFER,1,TX,139
621,157.176,XFER,1,NC,464
622,67.968,XFER,1,FL,47
623,101.232,XFER,1,OH,344
624,315.648,XFER,1,ME,913
625,301.464,XFER,1,FL,1012
626,363.888,XFER,1,IL,1040
627,303.336,XFER,1,NY,975
628,164.016,XFER,1,FL,430
629,289.512,XFER,1,OH,991
630,194.544,XFER,1,FL,230
631,164.664,XFER,1,MI,413
632,55.728,XFER,1,AZ,57
633,531.792,XFER,1,FL,1520
634,125.64,XFER,1,LA,380
635,240.192,XFER,1,IL,528
636,196.704,XFER,1,VT,596
637,357.12,XFER,1,TX,1128
638,262.368,XFER,0,IL,519
639,389.664,XFER,1,SC,1097
640,53.784,XFER,1,NJ,69
641,372.456,XFER,0,NE,958
642,232.2,XFER,1,FL,672
643,230.616,XFER,1,WI,708
644,424.008,XFER,0,KY,821
645,244.512,XFER,0,IL,842
646,135.936,XFER,1,AZ,370
647,340.488,XFER,1,MO,1042
648,124.416,XFER,1,MO,338
649,186.984,XFER,1,IL,619
650,378.36,XFER,1,MO,866
651,124.992,XFER,1,MI,349
652,276.768,XFER,1,TN,798
653,173.808,XFER,1,AR,464
654,118.728,XFER,1,KY,409
655,196.416,XFER,1,TN,515
656,235.008,XFER,1,NC,670
657,534.672,XFER,1,AZ,1660
658,216.576,XFER,1,PA,684
659,555.264,XFER,1,FL,1786
660,267.984,XFER,1,SC,706
661,334.872,XFER,1,NY,1159
662,275.04,XFER,1,NY,878
663,178.704,XFER,1,NE,416
664,204.192,XFER,0,NJ,450
665,186.696,XFER,1,OH,481
666,161.064,XFER,1,OH,525
667,305.712,XFER,1,NC,861
668,258.48,XFER,1,LA,720
669,29.232,XFER,0,MA,27
670,257.184,XFER,1,MI,702
671,13.32,XFER,0,NY,4
672,242.784,XFER,1,SC,785
673,195.624,XFER,0,FL,580
674,261.648,XFER,1,MI,768
675,321.984,XFER,1,NC,805
676,124.056,XFER,1,AL,337
677,276.048,XFER,1,MA,730
678,15.408,XFER,0,FL,26
679,568.512,XFER,1,OK,1602
680,171.216,XFER,1,LA,525
681,393.768,XFER,0,AR,1209
682,182.952,XFER,1,WV,445
683,104.328,XFER,1,LA,305
684,283.464,XFER,1,NJ,781
685,406.368,XFER,1,PA,1260
686,39.672,XFER,0,FL,64
687,377.28,XFER,1,MO,1330
688,111.672,XFER,0,MO,318
689,329.544,XFER,0,DC,1019
690,134.28,XFER,1,MI,364
691,462.528,XFER,1,AL,1437
692,230.76,XFER,1,OH,713
693,157.32,XFER,1,PA,404
694,265.464,XFER,1,AR,779
695,192.672,XFER,1,AL,427
696,284.472,XFER,0,VA,664
697,414.504,XFER,0,TN,1333
698,79.056,XFER,1,FL,242
699,196.2,XFER,1,VA,517
700,299.52,XFER,1,MA,882
701,273.744,XFER,1,TX,849
702,166.392,XFER,1,IA,461
703,119.304,XFER,1,NJ,311
704,247.032,XFER,1,MA,667
705,423.144,XFER,1,NJ,1499
706,377.064,XFER,0,NY,1133
707,111.528,XFER,0,IL,304
708,229.104,XFER,1,WI,596
709,237.888,XFER,1,MI,526
710,180.864,XFER,1,FL,571
711,286.704,XFER,1,CT,890
712,118.368,XFER,1,NY,317
713,254.448,XFER,1,AL,678
714,205.056,XFER,1,LA,620
715,19.008,XFER,0,NY,24
716,346.896,XFER,1,FL,922
717,236.232,XFER,1,KY,803
718,351.36,XFER,1,KS,821
719,230.472,XFER,1,IL,682
720,212.976,XFER,1,SC,703
721,306.216,XFER,1,OH,917
722,68.544,XFER,1,GA,205
723,393.768,XFER,1,UT,1411
724,200.736,XFER,1,GA,503
725,309.456,XFER,1,PA,932
726,148.32,XFER,1,SC,385
727,308.952,XFER,1,FL,958
728,171.072,XFER,1,NY,254
729,276.912,XFER,1,NJ,939
730,180.072,XFER,1,LA,452
731,263.088,XFER,0,AR,818
732,109.944,XFER,1,MI,305
733,324.576,XFER,1,TX,978
734,173.088,XFER,1,TX,559
735,196.056,XFER,0,NY,616
736,248.616,XFER,1,NJ,681
737,354.384,XFER,1,DE,1021
738,49.248,XFER,0,RI,75
739,237.24,XFER,1,TN,695
740,119.952,XFER,1,OH,283
741,239.112,XFER,1,TX,736
742,22.896,XFER,0,CT,33
743,202.608,XFER,1,KS,594
744,445.752,XFER,1,MA,1247
745,113.256,XFER,1,AR,381
746,205.992,XFER,1,FL,540
747,208.224,XFER,1,TX,589
748,174.384,XFER,1,FL,443
749,190.8,XFER,1,TX,597
750,105.912,XFER,1,KS,339
751,349.344,XFER,0,FL,948
752,221.184,XFER,1,IN,712
753,313.056,XFER,1,LA,1117
754,168.048,XFER,1,KY,507
755,352.152,XFER,1,NV,1185
756,135.072,XFER,1,OH,412
757,216.432,XFER,1,IN,619
758,271.872,XFER,0,NY,841
759,92.736,XFER,1,TX,352
760,299.88,XFER,0,GA,803
761,249.264,XFER,1,PA,764
762,233.424,XFER,1,IA,721
763,293.112,XFER,1,TX,941
764,213.408,XFER,1,IL,666
765,289.296,XFER,1,NJ,819
766,195.408,XFER,0,TX,495
767,262.512,XFER,1,GA,880
768,468.936,XFER,1,FL,1618
769,381.384,XFER,1,SC,1033
770,186.84,XFER,1,FL,660
771,146.736,XFER,1,MI,416
772,155.16,XFER,1,TX,492
773,302.112,XFER,1,AR,976
774,397.944,XFER,0,KY,1157
775,368.784,XFER,1,NY,1185
776,40.104,XFER,0,MA,62
777,230.688,XFER,1,NC,555
778,217.512,XFER,0,NE,598
779,218.16,XFER,1,TX,626
780,305.712,XFER,1,VA,828
781,103.68,XFER,1,CA,299
782,164.88,XFER,1,OH,467
783,495.072,XFER,1,LA,1600
784,243.288,XFER,0,WV,720
785,291.816,XFER,1,AL,997
786,126.864,XFER,1,KY,418
787,221.472,XFER,1,DC,625
788,387.36,XFER,1,TX,842
789,243.432,XFER,1,CA,593
790,296.784,XFER,1,PA,740
791,585.936,XFER,1,NE,1475
792,232.848,XFER,0,WV,585
793,259.92,XFER,1,LA,737
794,296.208,XFER,1,TX,864
795,115.992,XFER,1,TX,341
796,115.632,XFER,1,OH,300
797,446.328,XFER,1,PA,1378
798,219.24,XFER,1,CA,627
799,256.176,XFER,1,NY,614
800,233.712,XFER,1,WA,682
801,201.312,XFER,0,MI,511
802,316.368,XFER,0,NV,915
803,20.448,XFER,1,MA,30
804,158.256,XFER,1,KY,463
805,394.776,XFER,1,NY,1067
806,272.232,XFER,1,WA,885
807,228.384,XFER,1,OK,622
808,107.64,XFER,0,TX,310
809,261.288,XFER,1,DC,782
810,282.96,XFER,0,TX,941
811,66.24,XFER,1,NY,112
812,177.696,XFER,0,TN,478
813,488.016,XFER,1,TX,1406
814,81.432,XFER,1,TX,245
815,125.208,XFER,0,NY,190
816,248.688,XFER,0,AR,711
817,248.76,XFER,1,NC,793
818,174.888,XFER,1,AL,533
819,154.944,XFER,0,TN,417
820,250.416,XFER,0,FL,280
821,40.32,XFER,0,ID,56
822,132.552,XFER,1,PA,291
823,424.152,XFER,1,KS,886
824,282.744,XFER,1,PA,864
825,226.656,XFER,1,IL,554
826,222.552,XFER,1,AR,609
827,333.72,XFER,1,OH,827
828,320.688,XFER,1,VA,923
829,225.144,XFER,1,WV,655
830,151.776,XFER,1,AL,492
831,300.24,XFER,1,ID,949
832,254.16,XFER,1,LA,692
833,331.992,XFER,1,WA,879
834,395.712,XFER,1,PA,1137
835,325.584,XFER,1,TX,1007
836,227.16,XFER,1,MN,719
837,326.16,XFER,0,NY,1186
838,34.56,XFER,1,FL,43
839,190.656,XFER,1,AL,631
840,168.264,XFER,0,WI,486
841,98.28,XFER,1,GA,287
842,409.824,XFER,1,IN,1302
843,465.768,XFER,0,LA,1398
844,123.696,XFER,0,MI,308
845,374.4,XFER,1,TX,818
846,215.712,XFER,1,FL,687
847,181.008,XFER,1,KS,628
848,86.328,XFER,1,TX,268
849,238.392,XFER,1,NJ,762
850,38.952,XFER,0,FL,51
851,405.504,XFER,1,FL,1404
852,213.912,XFER,1,TN,714
853,260.208,XFER,1,NY,639
854,329.4,XFER,1,MS,885
855,210.528,XFER,1,LA,550
856,250.776,XFER,1,CA,740
857,197.064,XFER,1,FL,499
858,301.752,XFER,0,FL,909
859,229.608,XFER,0,KY,707
860,172.872,XFER,0,PA,544
861,185.976,XFER,1,NJ,452
862,240.192,XFER,0,MS,695
863,155.088,XFER,1,GA,505
864,319.032,XFER,1,FL,982
865,122.04,XFER,1,NY,475
866,200.52,XFER,1,KY,560
867,222.552,XFER,1,WA,648
868,187.344,XFER,0,GA,499
869,129.888,XFER,1,NY,403
870,169.632,XFER,1,OK,487
871,150.552,XFER,1,CA,473
872,169.848,XFER,1,AL,417
873,261.504,XFER,1,FL,818
874,289.584,XFER,1,AR,771
875,131.976,XFER,0,CA,384
876,179.424,XFER,1,IA,490
877,472.968,XFER,1,MO,1228
878,25.128,XFER,0,FL,32
879,255.168,XFER,1,IL,737
880,324.432,XFER,1,TX,838
881,166.68,XFER,1,AR,414
882,198.432,XFER,0,MI,498
883,225.144,XFER,1,FL,746
884,158.976,XFER,1,OH,472
885,316.584,XFER,1,NV,1103
886,186.624,XFER,0,NV,593
887,192.096,XFER,1,IN,459
888,215.784,XFER,1,NY,703
889,219.528,XFER,1,MI,708
890,256.968,XFER,1,SC,704
891,128.952,XFER,1,SC,486
892,269.136,XFER,0,IL,826
893,140.832,XFER,0,IL,480
894,217.728,XFER,1,WA,687
895,463.968,XFER,1,DC,999
896,297.648,XFER,1,MA,882
897,179.712,XFER,0,OR,454
898,41.544,XFER,1,WA,42
899,204.552,XFER,0,KS,583
900,146.52,XFER,1,KY,526
901,259.056,XFER,1,MA,677
902,190.512,XFER,1,MI,427
903,335.736,XFER,1,GA,947
904,195.264,XFER,1,NV,648
905,459.36,XFER,1,NY,1282
906,225.792,XFER,1,PA,672
907,142.992,XFER,0,AR,473
908,228.528,XFER,1,MI,641
909,242.784,XFER,1,GA,642
910,19.512,XFER,0,WI,31
911,230.688,XFER,0,NJ,552
912,520.92,XFER,1,TN,1489
913,42.048,XFER,0,FL,67
914,197.424,XFER,1,MI,471
915,185.904,XFER,1,GA,575
916,147.168,XFER,1,SC,437
917,223.344,XFER,1,CT,606
918,264.96,XFER,1,WA,913
919,98.136,XFER,1,LA,252
920,102.816,XFER,1,UT,319
921,192.744,XFER,1,WA,564
922,158.04,XFER,1,VA,419
923,121.32,XFER,0,IL,313
924,491.904,XFER,1,AR,1222
925,416.376,XFER,1,TN,1179
926,276.12,XFER,1,AL,783
927,328.32,XFER,1,AZ,999
928,158.544,XFER,1,OK,376
929,298.08,XFER,1,TX,962
930,235.512,XFER,1,CO,646
931,184.32,XFER,1,AZ,480
932,304.128,XFER,1,NC,732
933,240.912,XFER,1,NM,606
934,134.352,XFER,0,WI,362
935,283.464,XFER,1,MA,838
936,161.568,XFER,0,FL,500
937,172.512,XFER,0,#NA,410
938,424.296,XFER,1,PA,1201
939,563.688,XFER,1,MO,1944
940,14.184,XFER,0,VA,19
941,205.848,XFER,1,NY,525
942,334.872,XFER,1,NC,974
943,119.808,XFER,1,AZ,369
944,395.352,XFER,1,OH,1302
945,287.064,XFER,1,GA,899
946,186.336,XFER,1,LA,475
947,173.448,XFER,1,TX,537
948,227.592,XFER,1,IN,545
949,143.856,XFER,1,GA,340
950,133.056,XFER,1,WA,435
951,128.52,XFER,1,LA,360
952,317.304,XFER,1,MI,1120
953,511.2,XFER,1,SC,1298
954,218.808,XFER,1,FL,640
955,122.832,XFER,0,CO,369
956,208.152,XFER,1,TX,469
957,198.864,XFER,1,HI,627
958,114.192,XFER,1,GA,440
959,142.704,XFER,1,KS,464
960,248.472,XFER,1,IN,798
961,135.576,XFER,1,LA,355
962,233.136,XFER,1,IN,689
963,478.584,XFER,1,KY,1379
964,149.544,XFER,1,TX,423
965,395.208,XFER,0,AL,1093
966,133.776,XFER,1,MA,367
967,55.008,XFER,0,NY,56
968,100.44,XFER,1,IL,342
969,135.216,XFER,1,CA,409
970,198.576,XFER,1,TN,618
971,320.832,XFER,1,VA,877
972,216.072,XFER,1,TN,618
973,329.544,XFER,1,NJ,885
974,204.84,XFER,1,HI,564
975,318.96,XFER,1,IA,754
976,230.616,XFER,1,TN,671
977,411.624,XFER,1,LA,1329
978,294.336,XFER,1,SC,815
979,216.936,XFER,1,KS,662
980,282.168,XFER,1,TX,785
981,207.432,XFER,1,PA,712
982,235.584,XFER,1,SC,635
983,122.328,XFER,1,AL,388
984,166.896,XFER,1,FL,447
985,28.872,XFER,0,CO,46
986,70.128,XFER,1,FL,121
987,296.352,XFER,1,IL,982
988,167.904,XFER,1,NY,430
989,21.168,XFER,0,NY,39
990,114.048,XFER,0,NY,328
991,304.92,XFER,1,SC,868
992,319.464,XFER,1,AR,931
993,130.104,XFER,1,MS,402
994,240.984,XFER,1,MO,588
995,299.736,XFER,1,CA,735
996,238.464,XFER,1,PA,812
997,250.128,XFER,1,OR,826
998,208.368,XFER,1,NJ,640
999,529.272,XFER,1,KY,1565
1000,206.208,XFER,0,NC,595
1001,336.6,XFER,1,WA,993
1002,217.584,XFER,0,NH,705
1003,250.632,XFER,1,NY,880
1004,294.696,XFER,1,AR,1002
1005,252,XFER,1,AL,690
1006,282.24,XFER,1,CT,670
1007,229.104,XFER,1,NY,711
1008,62.496,XFER,1,CA,70
1009,20.088,XFER,0,NY,29
1010,157.896,XFER,1,HI,427
1011,206.136,XFER,0,FL,597
1012,391.968,XFER,1,IA,1163
1013,191.232,XFER,1,CT,588
1014,395.352,XFER,1,NY,993
1015,322.344,XFER,1,MI,794
1016,230.472,XFER,1,MS,580
1017,121.752,XFER,1,FL,347
1018,231.048,XFER,1,KS,749
1019,479.016,XFER,1,MI,1473
1020,397.152,XFER,1,NY,1245
1021,347.832,XFER,1,KY,1027
1022,168.048,XFER,1,IA,458
1023,156.528,XFER,1,GA,421
1024,190.08,XFER,1,CO,461
1025,71.712,XFER,1,NY,114
1026,196.272,XFER,0,HI,523
1027,239.976,XFER,0,NC,725
1028,207.288,XFER,1,FL,574
1029,328.248,XFER,1,NC,941
1030,207.144,XFER,1,KY,603
1031,138.312,XFER,1,AZ,306
1032,208.368,XFER,1,MN,672
1033,236.592,XFER,1,MI,498
1034,358.632,XFER,1,TN,1024
1035,319.032,XFER,1,KY,890
1036,239.112,XFER,1,WA,777
1037,335.376,XFER,1,TX,899
1038,238.752,XFER,1,GA,666
1039,212.112,XFER,1,KY,578
1040,215.64,XFER,1,HI,605
1041,254.304,XFER,1,HI,662
1042,241.56,XFER,1,MS,673
1043,335.304,XFER,1,NE,1008
1044,258.048,XFER,0,FL,849
1045,234,XFER,1,AR,804
1046,290.448,XFER,1,FL,828
1047,168.696,XFER,0,CO,477
1048,130.464,XFER,1,MI,375
1049,331.56,XFER,1,NJ,809
1050,118.008,XFER,1,ME,351
1051,201.528,XFER,1,NY,602
1052,237.24,XFER,1,AZ,770
1053,298.8,XFER,1,AR,856
1054,138.6,XFER,1,AL,438
1055,353.016,XFER,1,FL,1251
1056,246.528,XFER,0,MS,709
1057,348.192,XFER,1,FL,885
1058,130.824,XFER,1,PA,436
1059,162.864,XFER,1,OK,434
1060,172.584,XFER,1,FL,504
1061,211.824,XFER,1,OH,679
1062,132.984,XFER,0,GA,385
1063,119.448,XFER,1,OK,380
1064,333.648,XFER,1,IN,1013
1065,25.704,XFER,0,TX,29
1066,271.656,XFER,1,FL,865
1067,319.176,XFER,1,NC,981
1068,128.808,XFER,0,UT,386
1069,294.984,XFER,1,TN,821
1070,286.56,XFER,1,VA,745
1071,107.712,XFER,1,AR,284
1072,240.264,XFER,0,NC,709
1073,270.288,XFER,1,HI,655
1074,152.424,XFER,1,TX,424
1075,170.064,XFER,0,OH,418
1076,264.744,XFER,1,FL,726
1077,79.704,XFER,1,TX,202
1078,164.304,XFER,1,MS,368
1079,173.664,XFER,0,IL,488
1080,504.072,XFER,1,PA,1428
1081,173.664,XFER,1,AZ,537
1082,271.44,XFER,0,NY,767
1083,152.928,XFER,1,ID,412
1084,279.432,XFER,1,CT,872
1085,127.152,XFER,1,WI,321
1086,316.728,XFER,0,NV,937
1087,279.144,XFER,1,SC,827
1088,261.36,XFER,1,IL,749
1089,73.584,XFER,0,NY,80
1090,313.848,XFER,1,IL,1014
1091,283.032,XFER,1,TN,904
1092,172.512,XFER,1,NY,530
1093,39.6,XFER,0,NY,40
1094,213.192,XFER,1,WV,624
1095,225.432,XFER,1,NV,644
1096,315.504,XFER,0,KY,1006
1097,288.36,XFER,1,FL,705
1098,266.472,XFER,1,IL,822
1099,147.024,XFER,1,FL,402
1100,42.408,XFER,1,PA,65
1101,245.088,XFER,1,NY,878
1102,380.664,XFER,1,FL,1055
1103,181.368,XFER,1,TX,559
1104,360.216,XFER,0,WA,826
1105,282.6,XFER,1,IN,766
1106,376.056,XFER,1,PA,1200
1107,325.296,XFER,1,TX,910
1108,349.344,XFER,1,WA,1026
1109,190.656,XFER,1,WA,594
1110,217.152,XFER,1,WI,683
1111,285.624,XFER,1,GA,645
1112,15.048,XFER,1,OR,15
1113,129.744,XFER,1,IN,345
1114,411.624,XFER,1,WV,1103
1115,311.184,XFER,0,RI,988
1116,148.032,XFER,0,FL,451
1117,191.592,XFER,1,IL,545
1118,139.896,XFER,1,AZ,411
1119,211.896,XFER,1,IL,521
1120,46.368,XFER,1,FL,87
1121,197.856,XFER,0,NC,391
1122,302.544,XFER,1,PA,932
1123,45.36,XFER,1,CT,85
1124,210.384,XFER,1,IL,603
1125,140.976,XFER,1,NJ,391
1126,297.864,XFER,1,WA,958
1127,286.776,XFER,0,AR,857
1128,126.72,XFER,1,TN,357
1129,137.952,XFER,1,TN,413
1130,380.952,XFER,1,AZ,1060
1131,106.704,XFER,1,GA,322
1132,348.48,XFER,1,PA,920
1133,358.992,XFER,1,FL,959
1134,408.744,XFER,1,HI,1295
1135,173.232,XFER,1,AZ,514
1136,310.248,XFER,1,WI,769
1137,213.336,XFER,0,NC,554
1138,50.76,XFER,0,IA,135
1139,105.768,XFER,1,NY,310
1140,301.896,XFER,1,TX,911
1141,224.784,XFER,1,TX,688
1142,295.776,XFER,1,MN,796
1143,112.752,XFER,1,MO,390
1144,187.488,XFER,0,MI,529
1145,46.368,XFER,0,LA,76
1146,119.448,XFER,1,TX,425
1147,188.136,XFER,1,OK,537
1148,200.52,XFER,1,MO,550
1149,242.064,XFER,1,TN,640
1150,278.064,XFER,0,OR,847
1151,343.584,XFER,1,FL,1202
1152,61.272,XFER,1,OH,209
1153,67.824,XFER,1,NY,166
1154,298.152,XFER,1,FL,778
1155,190.872,XFER,1,PA,169
1156,351.864,XFER,1,OH,904
1157,277.2,XFER,0,TN,982
1158,276.768,XFER,1,MI,813
1159,23.832,XFER,0,FL,31
1160,195.048,XFER,1,CT,549
1161,350.928,XFER,1,VA,920
1162,134.136,XFER,1,NC,393
1163,247.032,XFER,1,NY,696
1164,347.544,XFER,1,CT,1168
1165,217.728,XFER,1,KS,619
1166,97.992,XFER,1,VA,304
1167,452.304,XFER,1,NY,1231
1168,329.688,XFER,1,NE,1226
1169,169.128,XFER,1,MA,490
1170,271.296,XFER,1,NY,888
1171,84.672,XFER,1,NC,255
1172,313.848,XFER,1,AL,1065
1173,283.392,XFER,1,NY,863
1174,265.536,XFER,1,NJ,703
1175,246.168,XFER,1,GA,595
1176,284.112,XFER,1,GA,762
1177,466.992,XFER,1,WV,1439
1178,533.448,XFER,1,PA,1679
1179,197.352,XFER,1,NY,609
1180,312.84,XFER,0,FL,798
1181,277.128,XFER,1,LA,845
1182,245.736,XFER,1,LA,615
1183,170.064,XFER,1,ID,511
1184,146.304,XFER,1,FL,491
1185,217.296,XFER,1,NY,635
1186,279.504,XFER,1,AZ,835
1187,207.792,XFER,1,FL,527
1188,140.472,XFER,1,NY,382
1189,243.144,XFER,1,IL,890
1190,344.016,XFER,1,KS,1016
1191,157.896,XFER,1,KY,467
1192,136.368,XFER,0,MI,421
1193,230.76,XFER,1,TN,685
1194,240.624,XFER,0,GA,778
1195,248.616,XFER,0,TX,727
1196,169.416,XFER,0,MI,580
1197,91.152,XFER,0,NC,247
1198,217.368,XFER,1,AR,465
1199,235.872,XFER,1,TX,617
1200,336.888,XFER,1,MS,1158
1201,337.896,XFER,0,KY,898
1202,244.8,XFER,1,NY,912
1203,226.512,XFER,1,NY,842
1204,176.256,XFER,1,MI,434
1205,129.6,XFER,0,TN,385
1206,175.824,XFER,1,OR,464
1207,56.664,XFER,1,NY,86
1208,396.648,XFER,1,FL,1282
1209,131.328,XFER,0,NY,376
1210,287.712,XFER,1,AR,1062
1211,512.28,XFER,1,NY,1567
1212,234.288,XFER,1,TX,698
1213,139.608,XFER,1,TX,450
1214,221.472,XFER,0,TX,667
1215,163.728,XFER,1,DC,422
1216,188.784,XFER,0,AZ,512
1217,258.336,XFER,1,PA,705
1218,374.76,XFER,1,NY,949
1219,171.288,XFER,0,OH,476
1220,129.672,XFER,1,MO,439
1221,207.72,XFER,1,OK,675
1222,320.4,XFER,0,NC,823
1223,216.864,XFER,1,OK,642
1224,202.752,XFER,0,TX,612
1225,363.024,XFER,1,MI,1127
1226,329.904,XFER,0,NE,950
1227,206.208,XFER,1,IN,496
1228,333.864,XFER,1,NY,942
1229,129.384,XFER,1,TX,370
1230,378.504,XFER,1,TX,1292
1231,192.24,XFER,1,NY,399
1232,277.416,XFER,1,NY,870
1233,36.144,XFER,0,GA,76
1234,210.528,XFER,1,MI,692
1235,320.688,XFER,1,FL,829
1236,333.936,XFER,1,AZ,976
1237,205.992,XFER,1,VA,422
1238,305.712,XFER,1,IN,1007
1239,206.712,XFER,0,FL,625
1240,23.616,XFER,0,FL,26
1241,346.896,XFER,1,NY,700
1242,206.352,XFER,0,FL,628
1243,291.528,XFER,1,IL,881
1244,275.688,XFER,1,AZ,784
1245,113.76,XFER,1,LA,344
1246,256.824,XFER,1,NY,896
1247,280.872,XFER,1,IN,839
1248,263.88,XFER,1,WI,704
1249,242.352,XFER,1,AZ,797
1250,44.352,XFER,0,MA,117
1251,170.064,XFER,1,OH,467
1252,291.672,XFER,1,MI,864
1253,36.864,XFER,1,OK,51
1254,79.56,XFER,1,DE,262
1255,388.296,XFER,1,GA,1202
1256,233.28,XFER,1,SC,692
1257,168.696,XFER,1,IL,506
1258,418.752,XFER,1,FL,1256
1259,145.512,XFER,1,WV,407
1260,201.456,XFER,1,PA,562
1261,110.16,XFER,1,AZ,341
1262,293.832,XFER,1,TX,934
1263,272.232,XFER,0,PA,816
1264,173.52,XFER,1,NY,493
1265,39.384,XFER,1,TX,53
1266,221.616,XFER,1,GA,647
1267,227.808,XFER,1,MI,672
1268,375.768,XFER,1,TN,1033
1269,377.568,XFER,1,NY,1137
1270,154.152,XFER,1,MI,494
1271,412.632,XFER,1,MO,1355
1272,208.08,XFER,0,MI,528
1273,216.432,XFER,0,NY,729
1274,209.016,XFER,1,MI,545
1275,158.184,XFER,1,FL,372
1276,210.528,XFER,1,WV,560
1277,342.432,XFER,1,WI,1039
1278,270.072,XFER,1,PA,799
1279,171.288,XFER,1,AR,479
1280,236.664,XFER,1,GA,722
1281,210.384,XFER,1,TX,616
1282,234.072,XFER,1,MS,668
1283,241.56,XFER,1,FL,742
1284,28.944,XFER,0,OH,33
1285,272.304,XFER,1,NY,613
1286,127.584,XFER,0,MA,378
1287,227.592,XFER,1,AL,684
1288,389.088,XFER,1,FL,1275
1289,209.808,XFER,1,MO,597
1290,176.904,XFER,1,NC,468
1291,240.624,XFER,1,OH,787
1292,378.648,XFER,1,NY,946
1293,216.72,XFER,1,MO,679
1294,357.12,XFER,1,NJ,1163
1295,241.704,XFER,1,KS,692
1296,343.152,XFER,1,FL,786
1297,38.376,XFER,1,IA,88
1298,409.464,XFER,1,GA,985
1299,209.808,XFER,1,MA,621
1300,159.408,XFER,0,IL,410
1301,154.368,XFER,1,NC,516
1302,144.864,XFER,1,NC,452
1303,257.472,XFER,1,NM,764
1304,161.208,XFER,0,GA,408
1305,201.6,XFER,0,SC,671
1306,371.88,XFER,1,IL,903
1307,190.368,XFER,0,KY,536
1308,135.504,XFER,1,FL,428
1309,180.144,XFER,0,PA,507
1310,132.84,XFER,0,NY,388
1311,24.84,XFER,0,AZ,18
1312,318.456,XFER,1,PA,912
1313,234.648,XFER,0,LA,655
1314,119.232,XFER,1,SC,333
1315,150.984,XFER,1,NY,455
1316,139.968,XFER,1,IL,408
1317,204.12,XFER,1,SC,579
1318,251.856,XFER,0,AL,768
1319,276.552,XFER,1,NJ,881
1320,343.872,XFER,1,CA,1055
1321,285.984,XFER,1,MI,921
1322,77.904,XFER,1,IL,283
1323,82.08,XFER,1,MA,298
1324,203.976,XFER,1,MS,647
1325,534.384,XFER,1,TN,1586
1326,29.592,XFER,0,CA,64
1327,137.448,XFER,1,AZ,514
1328,195.624,XFER,1,KY,623
1329,134.928,XFER,1,TX,372
1330,229.032,XFER,1,TN,800
1331,43.848,XFER,0,WV,145
1332,130.68,XFER,0,WA,369
1333,174.6,XFER,1,TX,536
1334,176.184,XFER,1,OH,384
1335,586.944,XFER,1,NM,1437
1336,85.824,XFER,1,WA,237
1337,225.864,XFER,1,WA,593
1338,381.456,XFER,1,WV,1320
1339,204.552,XFER,1,TX,660
1340,195.408,XFER,1,OK,499
1341,287.496,XFER,1,FL,856
1342,52.056,XFER,1,IA,128
1343,262.8,XFER,1,NM,788
1344,260.208,XFER,1,IN,447
1345,227.304,XFER,1,MI,660
1346,208.008,XFER,1,MI,642
1347,195.912,XFER,0,MS,614
1348,21.888,XFER,0,AL,9
1349,230.976,XFER,1,LA,547
1350,258.336,XFER,0,CA,634
1351,503.208,XFER,1,CO,1562
1352,32.544,XFER,0,IN,90
1353,202.824,XFER,1,AZ,648
1354,243.144,XFER,1,MI,685
1355,268.848,XFER,1,OK,806
1356,375.552,XFER,1,OK,1163
1357,275.832,XFER,1,NC,918
1358,59.184,XFER,0,CA,150
1359,389.664,XFER,1,IL,948
1360,111.528,XFER,0,RI,370
1361,315.288,XFER,1,NE,910
1362,233.64,XFER,1,SC,641
1363,276.408,XFER,1,GA,823
1364,319.68,XFER,1,IN,822
1365,154.8,XFER,1,NJ,445
1366,209.376,XFER,1,CT,666
1367,143.496,XFER,0,NM,489
1368,404.352,XFER,1,IA,1182
1369,124.488,XFER,1,IL,180
1370,134.64,XFER,1,IL,430
1371,268.632,XFER,1,TX,844
1372,184.68,XFER,1,MA,510
1373,71.136,XFER,1,NE,130
1374,247.32,XFER,1,SC,734
1375,115.704,XFER,1,NY,375
1376,359.928,XFER,0,AZ,955
1377,133.416,XFER,0,IL,365
1378,283.608,XFER,1,AR,741
1379,565.776,XFER,1,OK,1562
1380,205.848,XFER,1,DE,574
1381,526.032,XFER,1,FL,1477
1382,182.952,XFER,0,WV,574
1383,299.376,XFER,1,IA,902
1384,141.696,XFER,0,TX,413
1385,123.552,XFER,1,PA,385
1386,136.368,XFER,1,NY,407
1387,180.792,XFER,1,KY,591
1388,230.976,XFER,1,OH,702
1389,320.04,XFER,1,WI,1078
1390,181.224,XFER,1,WA,607
1391,140.04,XFER,1,KY,446
1392,332.424,XFER,1,NY,987
1393,297.648,XFER,1,OH,770
1394,414.72,XFER,1,MI,1300
1395,304.632,XFER,1,CO,834
1396,101.952,XFER,1,FL,318
1397,168.552,XFER,1,MI,412
1398,232.272,XFER,1,OK,647
1399,259.272,XFER,1,NC,724
1400,249.048,XFER,1,FL,653
1401,308.376,XFER,1,WA,737
1402,298.872,XFER,1,WA,1018
1403,73.512,XFER,1,TX,103
1404,146.592,XFER,1,NE,453
1405,163.728,XFER,1,VA,483
1406,168.552,XFER,1,AL,477
1407,180.72,XFER,1,IN,580
1408,190.944,XFER,1,OR,467
1409,184.752,XFER,1,AR,510
1410,219.888,XFER,1,NY,694
1411,337.104,XFER,1,PA,1049
1412,279.216,XFER,0,GA,852
1413,246.168,XFER,0,OK,739
1414,212.688,XFER,1,AR,606
1415,220.032,XFER,1,PA,625
1416,338.616,XFER,1,SC,882
1417,173.808,XFER,0,IL,523
1418,309.312,XFER,1,AR,1044
1419,360.864,XFER,0,FL,914
1420,199.44,XFER,1,PA,575
1421,371.592,XFER,0,NY,1099
1422,266.184,XFER,1,TX,819
1423,441.648,XFER,1,MS,1164
1424,195.696,XFER,0,MN,573
1425,199.728,XFER,1,MA,698
1426,325.008,XFER,1,WV,971
1427,239.832,XFER,1,NY,764
1428,324.36,XFER,1,OH,899
1429,348.12,XFER,1,FL,1089
1430,138.24,XFER,1,IA,329
1431,214.056,XFER,1,OK,640
1432,333,XFER,1,FL,680
1433,141.984,XFER,1,FL,166
1434,371.88,XFER,1,CT,1210
1435,96.336,XFER,1,NC,333
1436,218.232,XFER,0,PA,481
1437,32.4,XFER,0,FL,41
1438,210.744,XFER,1,PA,541
1439,165.096,XFER,1,MA,483
1440,258.552,XFER,1,IN,776
1441,249.048,XFER,1,UT,699
1442,211.176,XFER,1,KS,587
1443,275.112,XFER,1,LA,818
1444,164.376,XFER,1,OH,410
1445,148.104,XFER,0,GA,355
1446,433.944,XFER,1,PA,1025
1447,286.632,XFER,1,WI,875
1448,412.056,XFER,1,TN,1228
1449,465.264,XFER,1,MO,1287
1450,128.808,XFER,1,MI,328
1451,277.704,XFER,1,AZ,837
1452,239.112,XFER,1,MI,660
1453,182.664,XFER,1,KS,442
1454,160.992,XFER,1,MI,412
1455,305.208,XFER,1,IN,1072
1456,119.448,XFER,1,NM,310
1457,219.24,XFER,0,NM,641
1458,217.8,XFER,0,TX,544
1459,325.224,XFER,1,TX,830
1460,282.312,XFER,1,KY,788
1461,360.072,XFER,1,FL,1048
1462,265.248,XFER,0,ID,805
1463,55.44,XFER,1,FL,105
1464,168.984,XFER,0,HI,416
1465,286.2,XFER,1,NY,831
1466,160.488,XFER,1,NJ,510
1467,211.392,XFER,1,FL,698
1468,149.184,XFER,0,NY,419
1469,198.936,XFER,0,IN,476
1470,309.312,XFER,1,CA,769
1471,178.992,XFER,1,UT,613
1472,79.128,XFER,1,GA,236
1473,296.208,XFER,1,MS,860
1474,360.216,XFER,1,PA,844
1475,149.256,XFER,1,PA,367
1476,226.584,XFER,1,UT,834
1477,180,XFER,1,KS,393
1478,385.416,XFER,1,OH,1183
1479,218.448,XFER,1,AR,545
1480,202.032,XFER,1,NY,574
1481,183.888,XFER,1,OH,493
1482,303.552,XFER,1,MN,956
1483,27.288,XFER,0,FL,33
1484,90.216,XFER,1,MI,255
1485,418.68,XFER,1,AZ,1190
1486,259.128,XFER,1,SC,786
1487,237.312,XFER,1,VA,685
1488,211.536,XFER,1,NY,573
1489,297,XFER,1,TX,729
1490,41.4,XFER,1,AR,73
1491,176.328,XFER,1,MI,454
1492,154.08,XFER,1,OH,409
1493,358.704,XFER,1,HI,1012
1494,325.224,XFER,0,GA,1163
1495,298.728,XFER,0,MI,765
1496,179.064,XFER,1,MO,475
1497,463.752,XFER,1,AL,1410
1498,200.304,XFER,1,ME,598
1499,147.384,XFER,1,CA,454
1500,471.24,XFER,1,MI,1254
1501,280.44,XFER,1,NY,838
1502,248.904,XFER,1,MS,568
1503,154.44,XFER,1,UT,444
1504,91.368,XFER,1,AL,334
1505,215.352,XFER,0,AR,591
1506,316.872,XFER,1,NY,939
1507,285.912,XFER,1,NY,866
1508,481.32,XFER,1,NC,1651
1509,501.408,XFER,1,FL,1318
1510,318.456,XFER,1,NY,789
1511,154.872,XFER,1,MI,410
1512,307.08,XFER,1,TX,827
1513,309.816,XFER,1,NY,945
1514,326.952,XFER,1,VA,884
1515,262.296,XFER,1,CT,810
1516,359.784,XFER,1,TX,960
1517,255.312,XFER,1,OH,667
1518,275.472,XFER,1,GA,825
1519,210.24,XFER,1,NY,587
1520,317.232,XFER,1,CA,673
1521,203.76,XFER,0,TX,464
1522,238.968,XFER,0,PA,286
1523,207.648,XFER,0,AR,671
1524,217.944,XFER,1,OK,645
1525,208.224,XFER,1,TX,633
1526,253.944,XFER,1,NH,695
1527,239.472,XFER,1,MI,704
1528,233.208,XFER,1,MO,672
1529,282.096,XFER,1,TN,811
1530,257.256,XFER,1,GA,720
1531,291.672,XFER,1,CT,644
1532,210.168,XFER,1,MO,746
1533,194.544,XFER,0,AL,608
1534,283.392,XFER,1,MA,828
1535,125.352,XFER,0,AR,346
1536,227.952,XFER,0,NV,624
1537,228.744,XFER,0,AZ,508
1538,32.184,XFER,1,PA,32
1539,194.832,XFER,1,CO,440
1540,212.544,XFER,1,MI,629
1541,113.688,XFER,1,UT,354
1542,133.488,XFER,1,IN,487
1543,243,XFER,1,UT,726
1544,201.744,XFER,1,NY,700
1545,218.736,XFER,1,FL,645
1546,305.28,XFER,1,FL,920
1547,192.672,XFER,0,KY,551
1548,162.504,XFER,1,TN,346
1549,226.008,XFER,1,NJ,660
1550,416.736,XFER,0,RI,1323
1551,377.784,XFER,1,MO,1159
1552,286.128,XFER,0,KY,848
1553,246.672,XFER,1,TX,771
1554,105.984,XFER,1,NV,310
1555,373.104,XFER,1,TN,960
1556,302.328,XFER,1,SC,944
1557,291.384,XFER,1,GA,859
1558,54.648,XFER,1,NY,96
1559,215.928,XFER,1,PA,648
1560,248.4,XFER,1,MI,730
1561,231.696,XFER,1,MI,781
1562,303.984,XFER,1,AZ,784
1563,193.248,XFER,1,TX,597
1564,15.552,XFER,0,AL,24
1565,84.6,XFER,1,LA,283
1566,239.976,XFER,1,GA,726
1567,124.488,XFER,1,CA,350
1568,252.144,XFER,1,MI,593
1569,245.664,XFER,1,TN,731
1570,238.536,XFER,1,CT,701
1571,133.776,XFER,0,MO,436
1572,337.464,XFER,0,NJ,642
1573,278.136,XFER,1,OH,783
1574,22.104,XFER,0,FL,26
1575,287.712,XFER,0,RI,842
1576,207.864,XFER,1,VA,680
1577,272.016,XFER,1,GA,874
1578,179.784,XFER,1,GA,514
1579,186.84,XFER,1,IA,387
1580,189.216,XFER,0,PA,593
1581,240.624,XFER,0,FL,724
1582,228.312,XFER,0,KS,645
1583,234,XFER,1,AL,602
1584,181.512,XFER,1,TX,525
1585,252.864,XFER,0,TN,665
1586,256.608,XFER,0,FL,856
1587,295.704,XFER,1,IL,859
1588,37.656,XFER,0,OH,32
1589,119.448,XFER,1,IL,342
1590,286.992,XFER,1,SC,754
1591,100.584,XFER,0,KY,289
1592,205.416,XFER,1,CA,614
1593,265.608,XFER,0,OK,687
1594,357.048,XFER,0,CT,864
1595,274.248,XFER,1,FL,825
1596,25.632,XFER,1,TX,36
1597,189.648,XFER,0,LA,589
1598,136.584,XFER,1,MI,407
1599,69.192,XFER,0,PA,203
1600,140.328,XFER,1,OR,439
1601,348.696,XFER,1,TN,931
1602,225.576,XFER,0,FL,749
1603,248.544,XFER,1,MI,775
1604,125.28,XFER,0,KS,306
1605,120.096,XFER,0,NY,340
1606,167.472,XFER,1,OR,577
1607,123.048,XFER,0,VA,322
1608,359.568,XFER,1,NY,1061
1609,71.712,XFER,1,NE,177
1610,263.232,XFER,1,FL,651
1611,231.696,XFER,1,GA,536
1612,193.608,XFER,1,PA,416
1613,170.28,XFER,1,MI,455
1614,352.872,XFER,1,FL,1179
1615,203.904,XFER,1,LA,735
1616,320.328,XFER,1,TX,1118
1617,220.752,XFER,1,MI,568
1618,277.632,XFER,1,GA,942
1619,92.304,XFER,1,MO,312
1620,257.472,XFER,0,NM,640
1621,314.928,XFER,0,VA,1121
1622,309.96,XFER,0,WV,901
1623,66.312,XFER,0,TX,152
1624,476.496,XFER,1,TX,1154
1625,276.408,XFER,1,KY,740
1626,94.752,XFER,1,UT,342
1627,88.056,XFER,1,KY,332
1628,246.24,XFER,1,SC,791
1629,77.112,XFER,1,WI,238
1630,279.936,XFER,1,SC,931
1631,342.504,XFER,1,FL,1069
1632,277.056,XFER,1,GA,854
1633,41.472,XFER,0,IL,111
1634,179.856,XFER,1,WA,556
1635,310.896,XFER,1,FL,879
1636,146.88,XFER,0,TX,435
1637,181.656,XFER,0,AZ,406
